Repo,App,Status,Notes,PR Link
"truvolv/qa-truspd-965-email-validation","qa-env-site","success","next.config.mjs updated to use createNextConfig","https://github.com/truvolv/qa-truspd-965-email-validation/pull/1"
"truvolv/qa-truspd-952-acculynx-v2-integra","qa-env-site","success","next.config.mjs updated to use createNextConfig","https://github.com/truvolv/qa-truspd-952-acculynx-v2-integra/pull/1"
"truvolv/bath-experts","hub-bath-cabinets","completed","already updated (not counted toward batch)",""
"truvolv/bath-experts","main-bath-experts","completed","already updated (not counted toward batch)",""
"truvolv/cornerstone-construction","cc-main","completed","already updated (not counted toward batch)",""
"truvolv/cornerstone-construction","radio-lp","completed","already updated (not counted toward batch)",""
"truvolv/cornerstone-construction","roofing-lp","completed","already updated (not counted toward batch)",""
"truvolv/cornerstone-construction","siding-lp","completed","already updated (not counted toward batch)",""
"truvolv/mccoy-roofing","main-mccoy","completed","already updated (not counted toward batch)",""
"truvolv/brackets-custom-window-coverings","bcwc-main","completed","already updated (not counted toward batch)",""
"truvolv/prairie-exteriors-painting","pep-main","completed","already updated (not counted toward batch)",""
"truvolv/cleancut-bath","lp-cc-bath","completed","already updated (not counted toward batch)",""
"truvolv/mako-shower-and-bath","main-mako-sab","completed","already updated (not counted toward batch)",""
"truvolv/kris-konstruction-","kk-main","completed","already updated (not counted toward batch)",""
"truvolv/kris-konstruction-","kk-micro-baths","completed","already updated (not counted toward batch)",""
"truvolv/kris-konstruction-","kk-micro-kitchens","completed","already updated (not counted toward batch)",""
"truvolv/kris-konstruction-","kk-micro-roofing","completed","already updated (not counted toward batch)",""
"truvolv/kris-konstruction-","kkusa-redirect","completed","already updated (not counted toward batch)",""
"truvolv/dagmar-pros","main-dagmar","completed","already updated (not counted toward batch)",""
"truvolv/cyclone-contracting","cyc-con-main","completed","already updated (not counted toward batch)",""
"truvolv/love-your-bath","lyb-main-site","completed","already updated (not counted toward batch)",""
"truvolv/nailed-it-home-solutions","nihs-main","completed","already updated (not counted toward batch)",""
"truvolv/sir-home","main-shi","completed","already updated (not counted toward batch)",""
"truvolv/purella","p-main","completed","already updated (not counted toward batch)",""
"truvolv/calbear-construction","cb-construction","completed","already updated (not counted toward batch)",""
"truvolv/struxure-scottsdale","strux-scott-red","completed","already updated (not counted toward batch)",""
"truvolv/struxure-scottsdale","struxure-scd","completed","already updated (not counted toward batch)",""
"truvolv/stressless-remodeling","go-stressless","completed","already updated (not counted toward batch)",""
"truvolv/stressless-remodeling","gran-redirect","success","next.config.mjs updated to use createNextConfig","https://github.com/truvolv/stressless-remodeling/pull/3"
"truvolv/stressless-remodeling","rubber-redirect","success","next.config.mjs updated to use createNextConfig","https://github.com/truvolv/stressless-remodeling/pull/3"
"truvolv/stressless-remodeling","sr-main","completed","already updated (not counted toward batch)",""
"truvolv/aqua-shield-nm","main-aqua-shield","completed","already updated (not counted toward batch)",""
"truvolv/k-h-home-solutions","k-h-home-main-site","completed","already updated (not counted toward batch)",""
"truvolv/k-h-home-solutions","kh-lp-siding","completed","already updated (not counted toward batch)",""
"truvolv/k-h-home-solutions","lp-windows","completed","already updated (not counted toward batch)",""
"truvolv/durante-he","durante-windows","completed","already updated (not counted toward batch)",""
"truvolv/durante-he","main-durante-home-exteriors","completed","already updated (not counted toward batch)",""
"truvolv/durante-he","micro-bathrooms","completed","already updated (not counted toward batch)",""
"truvolv/durante-he","micro-doors","completed","already updated (not counted toward batch)",""
"truvolv/durante-he","micro-outdoor-living","completed","already updated (not counted toward batch)",""
"truvolv/durante-he","micro-siding","completed","already updated (not counted toward batch)",""
"truvolv/durante-he","micro-windows","completed","already updated (not counted toward batch)",""
"truvolv/pro-home-1","ph1-main","completed","already updated (not counted toward batch)",""
"truvolv/pro-home-1","roofing-lp","completed","already updated (not counted toward batch)",""
"truvolv/pro-home-1","siding-lp","completed","already updated (not counted toward batch)",""
"truvolv/pro-home-1","windows-lp","completed","already updated (not counted toward batch)",""
"truvolv/willis-roofing","w-roofing-main","completed","already updated (not counted toward batch)",""
"truvolv/willis-roofing","wr-main","completed","already updated (not counted toward batch)",""
"truvolv/struxure-atl","struxure-atl","completed","already updated (not counted toward batch)",""
"truvolv/coastal-bath-co","bb-micro","completed","already updated (not counted toward batch)",""
"truvolv/coastal-bath-co","bmb-micro","completed","already updated (not counted toward batch)",""
"truvolv/coastal-bath-co","cbc-main","completed","already updated (not counted toward batch)",""
"truvolv/aspen-glass","ag-main","completed","already updated (not counted toward batch)",""
"truvolv/rainsoft-ne-iowa","rni-main","completed","already updated (not counted toward batch)",""
"truvolv/rainsoft-great-lakes","main-great-lakes-wt","completed","already updated (not counted toward batch)",""
"truvolv/mode-renovation","mode-main","completed","already updated (not counted toward batch)",""
"truvolv/asp-superhome","main-asp-sh","completed","already updated (not counted toward batch)",""
"truvolv/jbr-greenville","jbrg-micro-ashvillenc","completed","already updated (not counted toward batch)",""
"truvolv/jbr-greenville","jbrg-micro-columbiasc","completed","already updated (not counted toward batch)",""
"truvolv/jbr-greenville","jbrg-micro-greenvilesc","completed","already updated (not counted toward batch)",""
"truvolv/jbr-greenville","main-jbr-greenville","completed","already updated (not counted toward batch)",""
"truvolv/tailor-made-windows-inc","main-t-m-w-i","completed","already updated (not counted toward batch)",""
"truvolv/struxure-northshore","always-g-t","completed","already updated (not counted toward batch)",""
"truvolv/struxure-northshore","struxure-ns","completed","already updated (not counted toward batch)",""
"truvolv/five-star-homes","five-star-main","completed","already updated (not counted toward batch)",""
"truvolv/dwight-and-sons","main-dwight-and-sons","completed","already updated (not counted toward batch)",""
"truvolv/dwight-and-sons","micro-dwight-and-sons-roofing","completed","already updated (not counted toward batch)",""
"truvolv/dwight-and-sons","microroofing","completed","already updated (not counted toward batch)",""
"truvolv/homefix","doors-lp","completed","already updated (not counted toward batch)",""
"truvolv/homefix","gutters-lp","completed","already updated (not counted toward batch)",""
"truvolv/homefix","homefix-main","completed","already updated (not counted toward batch)",""
"truvolv/homefix","roofing-lp","completed","already updated (not counted toward batch)",""
"truvolv/homefix","siding-lp","completed","already updated (not counted toward batch)",""
"truvolv/homefix","solar-shingles-lp","completed","already updated (not counted toward batch)",""
"truvolv/homefix","windows-lp","completed","already updated (not counted toward batch)",""
"truvolv/philadelphia-ge","pge-comfort","completed","already updated (not counted toward batch)",""
"truvolv/jbr-by-capital","jbr-micro-new-england","completed","already updated (not counted toward batch)",""
"truvolv/jbr-by-capital","main-jbr-capital","completed","already updated (not counted toward batch)",""
"truvolv/home-value-renovation","main-site","completed","already updated (not counted toward batch)",""
"truvolv/main-abc-jacuzzi","abcnd-micro-bath","completed","already updated (not counted toward batch)",""
"truvolv/main-abc-jacuzzi","abcnd-micro-roof","completed","already updated (not counted toward batch)",""
"truvolv/main-abc-jacuzzi","abcnd-micro-siding","completed","already updated (not counted toward batch)",""
"truvolv/main-abc-jacuzzi","abcnd-micro-window","completed","already updated (not counted toward batch)",""
"truvolv/main-abc-jacuzzi","main-abc-seamless-jacuzzi","partial, needs manual update","next.config.mjs not updated",""
"truvolv/ohio-state-windows","osw-main","completed","already updated (not counted toward batch)",""
"truvolv/hegg-windows-doors","h-w-d","completed","already updated (not counted toward batch)",""
"truvolv/direct-remodels","main-dr","completed","already updated (not counted toward batch)",""
"truvolv/black-rock-roofing","brr-main","completed","already updated (not counted toward batch)",""
"truvolv/main-bath-remodel-by-c","brc-micro-ct","completed","already updated (not counted toward batch)",""
"truvolv/main-bath-remodel-by-c","main-bath-remodel-by-c","completed","already updated (not counted toward batch)",""
"truvolv/asp-windows","main-asp-w","completed","already updated (not counted toward batch)",""
"truvolv/leap","leap-main","completed","already updated (not counted toward batch)",""
"truvolv/yrp","yrp-main","completed","already updated (not counted toward batch)",""
"truvolv/florida-energy-water-air-pure","fewa-pure","completed","already updated (not counted toward batch)",""
"truvolv/florida-energy-water-air-pure","lp-fewa-pentair","completed","already updated (not counted toward batch)",""
"truvolv/florida-energy-water-air-pure","lp-fewa-pentair-new","completed","already updated (not counted toward batch)",""
"truvolv/florida-energy-water-air-pure","main-fewa","completed","already updated (not counted toward batch)",""
"truvolv/florida-energy-water-air-pure","micro-water-treat","completed","already updated (not counted toward batch)",""
"truvolv/ltg-coatings","ltgc-main","completed","already updated (not counted toward batch)",""
"truvolv/erdmann-exteriors","main-erdmann-ext","completed","already updated (not counted toward batch)",""
"truvolv/207-roofers","main-207-roofers","completed","already updated (not counted toward batch)",""
"truvolv/bathroom-pros-nj","bpnj-main-site","completed","already updated (not counted toward batch)",""
"truvolv/on-track-doors","otd-main-site","completed","already updated (not counted toward batch)",""
"truvolv/bath-works-mi","bwmi-main-site","completed","already updated (not counted toward batch)",""
"truvolv/bath-works-mi","lp-go-bath-works-mi","completed","already updated (not counted toward batch)",""
"truvolv/dgd","dgd-main","completed","already updated (not counted toward batch)",""
"truvolv/home-pro-mi","hpmi-main-site","completed","already updated (not counted toward batch)",""
"truvolv/innovative-exteriors","main-innovative-exteriors","completed","already updated (not counted toward batch)",""
"truvolv/siding-and-windows-wizards","siding-wizards-main","completed","already updated (not counted toward batch)",""
"truvolv/jjs-custom","barndominium","completed","already updated (not counted toward batch)",""
"truvolv/jjs-custom","barndominiums-2","completed","already updated (not counted toward batch)",""
"truvolv/jjs-custom","jj-custom-builders","completed","already updated (not counted toward batch)",""
"truvolv/jjs-custom","jjs-main","completed","already updated (not counted toward batch)",""
"truvolv/trim-a-seal","micro-floor-coating","completed","already updated (not counted toward batch)",""
"truvolv/trim-a-seal","tas-micro-gutters","completed","already updated (not counted toward batch)",""
"truvolv/trim-a-seal","trim-a-seal-main","partial, needs manual update","next.config.mjs not updated",""
"truvolv/carolina-home-remodeling","chr-bathroom-micro","completed","already updated (not counted toward batch)",""
"truvolv/carolina-home-remodeling","chr-main-site","completed","already updated (not counted toward batch)",""
"truvolv/carolina-home-remodeling","chr-windows-micro","completed","already updated (not counted toward batch)",""
"truvolv/inside-out-roofing","inside-out-main","completed","already updated (not counted toward batch)",""
"truvolv/coors-remodeling","coors-main","completed","already updated (not counted toward batch)",""
"truvolv/coors-remodeling","heavenly-decks-main","completed","already updated (not counted toward batch)",""
"truvolv/pond-roofing","pond-roofing-main","completed","already updated (not counted toward batch)",""
"truvolv/frey","frey-main","partial, needs manual update","next.config.mjs not updated",""
"truvolv/frey","jjs-custom","completed","already updated (not counted toward batch)",""
"truvolv/illumination-window-door","illum-new","completed","already updated (not counted toward batch)",""
"truvolv/illumination-window-door","illumination-main","completed","already updated (not counted toward batch)",""
"truvolv/k-p-remodeling","kp-main","completed","already updated (not counted toward batch)",""
"truvolv/fba","floors-by-angie-main","completed","already updated (not counted toward batch)",""
"truvolv/solar-shield-inc","main-site-ssi","completed","already updated (not counted toward batch)",""
"truvolv/solatube","dallas-micro","completed","already updated (not counted toward batch)",""
"truvolv/solatube","los-angeles-micro","completed","already updated (not counted toward batch)",""
"truvolv/solatube","orange-county-micro","completed","already updated (not counted toward batch)",""
"truvolv/solatube","phoenix-micro","completed","already updated (not counted toward batch)",""
"truvolv/solatube","san-diego-micro","completed","already updated (not counted toward batch)",""
"truvolv/all-seasons-windows-and-doors","asr-main","completed","already updated (not counted toward batch)",""
"truvolv/all-seasons-windows-and-doors","aswd-main","completed","already updated (not counted toward batch)",""
"truvolv/weatherwize-lhp","main-weatherwize-lhp","completed","already updated (not counted toward batch)",""
"truvolv/bam-showers","bam-showers","completed","already updated (not counted toward batch)",""
"truvolv/k-h-painting-pros","kh-painting-main","completed","already updated (not counted toward batch)",""
"truvolv/comfort-kb","main-comfort-kitchen-and-bath","completed","already updated (not counted toward batch)",""
"truvolv/total-bath-systems","main-site-tbs","completed","already updated (not counted toward batch)",""
"truvolv/quality-moving-services","quality-moving-services","completed","already updated (not counted toward batch)",""
"truvolv/lifetime-solutions","ls-main","completed","already updated (not counted toward batch)",""
"truvolv/ridgeline-floors","rf-main","completed","already updated (not counted toward batch)",""
"truvolv/gutter-guards-direct","gutter-guards-direct-lp","completed","already updated (not counted toward batch)",""
"truvolv/sea-glass-jax","sea-glass-jax-main","completed","already updated (not counted toward batch)",""
"truvolv/ocala-baths-fl","ocala-baths","completed","already updated (not counted toward batch)",""
"truvolv/wealthy-contractor","twc-main","completed","already updated (not counted toward batch)",""
"truvolv/privacy-fence-company","privacy-fencing-main","completed","already updated (not counted toward batch)",""
"truvolv/allmaster-home-services","ahs-main","completed","already updated (not counted toward batch)",""
"truvolv/ramco","main-r-h-i","completed","already updated (not counted toward batch)",""
"truvolv/ramco","micro-redirect","completed","already updated (not counted toward batch)",""
"truvolv/ramco","micro-siding","completed","already updated (not counted toward batch)",""
"truvolv/ramco","micro-windows","completed","already updated (not counted toward batch)",""
"truvolv/nulook-home-design","nu-look-brand-lp","completed","already updated (not counted toward batch)",""
"truvolv/nulook-home-design","nu-look-main","completed","already updated (not counted toward batch)",""
"truvolv/nulook-home-design","nulook-roofing-lp","completed","already updated (not counted toward batch)",""
"truvolv/nulook-home-design","nulook-siding-lp","completed","already updated (not counted toward batch)",""
"truvolv/nulook-home-design","nulook-windows-lp","completed","already updated (not counted toward batch)",""
"truvolv/mattsson-roofing","mattsson-main","completed","already updated (not counted toward batch)",""
"truvolv/integrity-construction-consulting","icc-main","completed","already updated (not counted toward batch)",""
"truvolv/mjf-home-upgrades","mjf-main","completed","already updated (not counted toward batch)",""
"truvolv/covered-exteriors","covered-exteriors","completed","already updated (not counted toward batch)",""
"truvolv/bel-sd","bell-shower-door-main","completed","already updated (not counted toward batch)",""
"truvolv/galla-rini-roofing","gr-main-site","completed","already updated (not counted toward batch)",""
"truvolv/integrity-home-pro","ihp-main","completed","already updated (not counted toward batch)",""
"truvolv/for-energy","for-energy","completed","already updated (not counted toward batch)",""
"truvolv/360-windows-and-doors","360-windows-and-doors","completed","already updated (not counted toward batch)",""
"truvolv/b-w-glass","bandw-glass","completed","already updated (not counted toward batch)",""
"truvolv/alco-products","main-alco","completed","already updated (not counted toward batch)",""
"truvolv/all-american-roofing","aar-main","completed","already updated (not counted toward batch)",""
"truvolv/trident-bath","trident-main","completed","already updated (not counted toward batch)",""
"truvolv/legacy-cc","lcc-main","completed","already updated (not counted toward batch)",""
"truvolv/burr-custom-exteriors","bce-main","completed","already updated (not counted toward batch)",""
"truvolv/denver-glass-interiors","dgi-main","completed","already updated (not counted toward batch)",""
"truvolv/precision-roofing","precision-roofing-main","completed","already updated (not counted toward batch)",""
"truvolv/contract-exteriors","ce-main","completed","already updated (not counted toward batch)",""
"truvolv/bath-america","ba-main","completed","already updated (not counted toward batch)",""
"truvolv/bath-america","lp-ba","completed","already updated (not counted toward batch)",""
"truvolv/the-bath-boys","tbb-main-site","completed","already updated (not counted toward batch)",""
"truvolv/sweetwater-home-services","main-site-sms","completed","already updated (not counted toward batch)",""
"truvolv/rgs-exteriors","rgs-main","completed","already updated (not counted toward batch)",""
"truvolv/baths-for-the-brave","bftb-main","completed","already updated (not counted toward batch)",""
"truvolv/dreamhome-remodeling-ct","dhrct-main-site","completed","already updated (not counted toward batch)",""
"truvolv/aspen-windows","aspen-main","completed","already updated (not counted toward batch)",""
"truvolv/finish-line-strategies","fls-main","completed","already updated (not counted toward batch)",""
"truvolv/k-c","main-kingdom-contracting","completed","already updated (not counted toward batch)",""
"truvolv/white-cloud-cc","wccc-main","completed","already updated (not counted toward batch)",""
"truvolv/hunterdon","hrswc-main","completed","already updated (not counted toward batch)",""
"truvolv/roofing-store","roofing-store-main","completed","already updated (not counted toward batch)",""
"truvolv/pinnacle-exteriors","pe-main","completed","already updated (not counted toward batch)",""
"truvolv/theut-glass","theut-glass","completed","already updated (not counted toward batch)",""
"truvolv/spancraft","spancraft-main","completed","already updated (not counted toward batch)",""
"truvolv/your-select-home","ysh-main","completed","already updated (not counted toward batch)",""
"truvolv/sullivans-bath-and-window","sbw-main","completed","already updated (not counted toward batch)",""
"truvolv/blue-ridge-bath","brb-bathroom-lp","completed","already updated (not counted toward batch)",""
"truvolv/blue-ridge-bath","brb-main","completed","already updated (not counted toward batch)",""
"truvolv/long-home-products","lhp-main-site","completed","already updated (not counted toward batch)",""
"truvolv/install-services","install-serv","completed","already updated (not counted toward batch)",""
"truvolv/cypress-bath","cb-main","completed","already updated (not counted toward batch)",""
"truvolv/bird-dog-construction","main-bdc","completed","already updated (not counted toward batch)",""
"truvolv/style-craft-remodeling-","scr-main","completed","already updated (not counted toward batch)",""
"truvolv/twin-cities-jacuzzi","main-tcj","completed","already updated (not counted toward batch)",""
"truvolv/twin-cities-jacuzzi","main-tcjacuzzi","completed","already updated (not counted toward batch)",""
"truvolv/kitchens-today","kt-main-site","completed","already updated (not counted toward batch)",""
"truvolv/brian-gottlieb","main-brian-gottlieb","completed","already updated (not counted toward batch)",""
"truvolv/hydrotek-plumbing","main-hp","completed","already updated (not counted toward batch)",""
"truvolv/destination-motivation","dm-main","completed","already updated (not counted toward batch)",""
"truvolv/refined-spaces","rs-main","completed","already updated (not counted toward batch)",""
"truvolv/vista-homes-utah","vista-homes-utah","completed","already updated (not counted toward batch)",""
"truvolv/express-bath","exp-bath","completed","already updated (not counted toward batch)",""
"truvolv/a-plus-pro-services","a-plus-main","completed","already updated (not counted toward batch)",""
"truvolv/americas-best-windows-and-doors","abwd-main","completed","already updated (not counted toward batch)",""
"truvolv/town-and-country-roofing","tacr-main","completed","already updated (not counted toward batch)",""
"truvolv/bath-fitter-tucson","bft-main","completed","already updated (not counted toward batch)",""
"truvolv/bath-fitter-tucson","bft-micro","completed","already updated (not counted toward batch)",""
"truvolv/scc-pros","scc-pros-main","completed","already updated (not counted toward batch)",""
"truvolv/scc-pros","swhi-main","completed","already updated (not counted toward batch)",""
"truvolv/swis-pros","main-swis-pros","completed","already updated (not counted toward batch)",""
"truvolv/sharper-impressions-painting","sharper-impr","completed","already updated (not counted toward batch)",""
"truvolv/capital-construction","ccc-main","completed","already updated (not counted toward batch)",""
"truvolv/capital-construction","micro-outdoor","completed","already updated (not counted toward batch)",""
"truvolv/kubala-home-improvement","fh-micro","completed","already updated (not counted toward batch)",""
"truvolv/kubala-home-improvement","main-kubala","completed","already updated (not counted toward batch)",""
"truvolv/bee-windows","bee-windows-main","completed","already updated (not counted toward batch)",""
"truvolv/bee-windows","micro-bathrooms","completed","already updated (not counted toward batch)",""
"truvolv/bee-windows","micro-doors","completed","already updated (not counted toward batch)",""
"truvolv/bee-windows","micro-patio-enclosures","completed","already updated (not counted toward batch)",""
"truvolv/bee-windows","micro-siding","completed","already updated (not counted toward batch)",""
"truvolv/bee-windows","micro-windows","completed","already updated (not counted toward batch)",""
"truvolv/altruistic-advisory","main-a-a","completed","already updated (not counted toward batch)",""
"truvolv/floortek","floortek-main","completed","already updated (not counted toward batch)",""
"truvolv/floortek","ofc-main","completed","already updated (not counted toward batch)",""
"truvolv/floortek","ox-floors-main","completed","already updated (not counted toward batch)",""
"truvolv/mkd-kitchen-and-bath","mkd-main","completed","already updated (not counted toward batch)",""
"truvolv/aspire-services","as-main","completed","already updated (not counted toward batch)",""
"truvolv/mod-bath","modbath-main","completed","already updated (not counted toward batch)",""
"truvolv/carole-frederick","main-cf","completed","already updated (not counted toward batch)",""
"truvolv/carole-frederick","window-treatments","completed","already updated (not counted toward batch)",""
"truvolv/cms","pfc-main","completed","already updated (not counted toward batch)",""
"truvolv/uat","august-testing","completed","already updated (not counted toward batch)",""
"truvolv/uat","v2-testing-site","completed","already updated (not counted toward batch)",""
"truvolv/uat","visual-regression","completed","already updated (not counted toward batch)",""
"truvolv/five-star-contracting","main-fsc","completed","already updated (not counted toward batch)",""
"truvolv/denver-pergolas","denver-pergolas","completed","already updated (not counted toward batch)",""
"truvolv/denver-pergolas","re-denver-pergolas","completed","already updated (not counted toward batch)",""
"truvolv/denver-pergolas","redirect-denper","completed","already updated (not counted toward batch)",""
"truvolv/floorology","floorology","completed","already updated (not counted toward batch)",""
"truvolv/kitchen-restyled","kitchen-restyled","completed","already updated (not counted toward batch)",""
"truvolv/the-board-store","tbs-main","completed","already updated (not counted toward batch)",""
"truvolv/the-board-store","tbs-micro-bath","completed","already updated (not counted toward batch)",""
"truvolv/the-board-store","tbs-micro-windows-doors","completed","already updated (not counted toward batch)",""
"truvolv/universal-windows-of-manchester","uwm-main","completed","already updated (not counted toward batch)",""
"truvolv/jacuzzi","bathwraps","completed","already updated (not counted toward batch)",""
"truvolv/jacuzzi","bathwraps-promo","completed","already updated (not counted toward batch)",""
"truvolv/jacuzzi","jbr-custom","partial, needs manual update","next.config.mjs not updated",""
"truvolv/jacuzzi","jbr-main","partial, needs manual update","next.config.mjs not updated",""
"truvolv/jacuzzi","jbr-of-california","completed","already updated (not counted toward batch)",""
"truvolv/jacuzzi","jbr-promo","completed","already updated (not counted toward batch)",""
"truvolv/jacuzzi","jbrx-atl-baths","completed","already updated (not counted toward batch)",""
"truvolv/jacuzzi","jbrx-az-baths","completed","already updated (not counted toward batch)",""
"truvolv/jacuzzi","jbrx-de-baths","completed","already updated (not counted toward batch)",""
"truvolv/jacuzzi","jbrx-fl-baths","completed","already updated (not counted toward batch)",""
"truvolv/jacuzzi","jbrx-houston-baths","completed","already updated (not counted toward batch)",""
"truvolv/jacuzzi","jbrx-nc-baths","completed","already updated (not counted toward batch)",""
"truvolv/jacuzzi","jbrx-or-baths","completed","already updated (not counted toward batch)",""
"truvolv/jacuzzi","jbrx-sea-baths","completed","already updated (not counted toward batch)",""
"truvolv/jacuzzi","jbrx-stl-baths","completed","already updated (not counted toward batch)",""
"truvolv/jacuzzi","main-jbq","completed","already updated (not counted toward batch)",""
"truvolv/jacuzzi","main-jbr-greenville","completed","already updated (not counted toward batch)",""
"truvolv/peg-sur","lp-peg-sur","completed","already updated (not counted toward batch)",""
"truvolv/peg-sur","ps-main","completed","already updated (not counted toward batch)",""
"truvolv/ljstone","ljstone","completed","already updated (not counted toward batch)",""
"truvolv/ljstone","micro-baths","completed","already updated (not counted toward batch)",""
"truvolv/ljstone","micro-facebook","completed","already updated (not counted toward batch)",""
"truvolv/ljstone","micro-gannett","completed","already updated (not counted toward batch)",""
"truvolv/walshs-remodeling","wr-main","completed","already updated (not counted toward batch)",""
"truvolv/rose-remodeling","rr-main","completed","already updated (not counted toward batch)",""
"truvolv/renew-it-by-kurtis","renewit-by-k","completed","already updated (not counted toward batch)",""
"truvolv/lyfe-ocs","lyfe-main","completed","already updated (not counted toward batch)",""
"truvolv/endless-poxybilities","ep-main","completed","already updated (not counted toward batch)",""
"truvolv/exterior-pros","ext-pros","completed","already updated (not counted toward batch)",""
"truvolv/surbers-usa","surbers-main","completed","already updated (not counted toward batch)",""
"truvolv/lehigh-gap-exteriors","lge-main","completed","already updated (not counted toward batch)",""
"truvolv/kingspan","micro-light-air","completed","already updated (not counted toward batch)",""
"truvolv/kingspan","micro-pac","completed","already updated (not counted toward batch)",""
"truvolv/south-florida-windows-doors","main-sfwd","completed","already updated (not counted toward batch)",""
"truvolv/gerrys-roofing","gerry-rs","completed","already updated (not counted toward batch)",""
"truvolv/complete-exteriors-colorado","main-cec","completed","already updated (not counted toward batch)",""
"truvolv/window-perfections","altoona-wp-micro","completed","already updated (not counted toward batch)",""
"truvolv/window-perfections","wp-main","completed","already updated (not counted toward batch)",""
"truvolv/everlasting-windows-and-doors","elwd-micro-baths","completed","already updated (not counted toward batch)",""
"truvolv/everlasting-windows-and-doors","main-elwd","completed","already updated (not counted toward batch)",""
"truvolv/everlasting-windows-and-doors","micro-windows-doors","completed","already updated (not counted toward batch)",""
"truvolv/bath-fitter-inland-nw","bath-fitter-in-nw","completed","already updated (not counted toward batch)",""
"truvolv/bath-fitter-inland-nw","heavyset-br-micro","completed","already updated (not counted toward batch)",""
"truvolv/bath-fitter-inland-nw","micro-baths","completed","already updated (not counted toward batch)",""
"truvolv/savannah-cabinetry","main-savannah","completed","already updated (not counted toward batch)",""
"truvolv/okeefe-and-flanagan-electric","electrical-services-lp","completed","already updated (not counted toward batch)",""
"truvolv/okeefe-and-flanagan-electric","micro-generators","completed","already updated (not counted toward batch)",""
"truvolv/okeefe-and-flanagan-electric","micro-mini-splits","completed","already updated (not counted toward batch)",""
"truvolv/okeefe-and-flanagan-electric","ok-f-e","completed","already updated (not counted toward batch)",""
"truvolv/hutchco-home-and-bath","hchb-lp-gsc","completed","already updated (not counted toward batch)",""
"truvolv/hutchco-home-and-bath","hchb-main","completed","already updated (not counted toward batch)",""
"truvolv/kurtis-kitchen-and-bath","kkb-main","completed","already updated (not counted toward batch)",""
"truvolv/qa-truspd-966-contact-map-embed-o","qa-env-site","completed","already updated (not counted toward batch)",""
"truvolv/qa-truspd-932-job-nimbus-reverse-","qa-env-site","completed","already updated (not counted toward batch)",""
"truvolv/safe-harbor-exteriors","micro-siding","completed","already updated (not counted toward batch)",""
"truvolv/safe-harbor-exteriors","micro-wd","completed","already updated (not counted toward batch)",""
"truvolv/safe-harbor-exteriors","sh-ext-micro-siding","completed","already updated (not counted toward batch)",""
"truvolv/safe-harbor-exteriors","she-main","completed","already updated (not counted toward batch)",""
"truvolv/armor-guard","armorguard-exteriors-gutters-micro","completed","already updated (not counted toward batch)",""
"truvolv/armor-guard","armorguard-exteriors-screens-micro","completed","already updated (not counted toward batch)",""
"truvolv/armor-guard","armorguard-main","completed","already updated (not counted toward batch)",""
"truvolv/everest-home-improvement","ehi-main-site","completed","already updated (not counted toward batch)",""
"truvolv/haven-bath-ca","hb-main","completed","already updated (not counted toward batch)",""
"truvolv/haven-bath-ca","lp-haven-bath","completed","already updated (not counted toward batch)",""
"truvolv/nessler-and-associates","nessler-aa","completed","already updated (not counted toward batch)",""
"truvolv/empire-home-remodeling","main-ehr","completed","already updated (not counted toward batch)",""
"truvolv/empire-home-remodeling","windows-ehr","completed","already updated (not counted toward batch)",""
"truvolv/spokane-stone-creations","ssc-main","completed","already updated (not counted toward batch)",""
"truvolv/ezpro-kitchen-and-bath","ekb-main","completed","already updated (not counted toward batch)",""
"truvolv/usa-showers","usa-s","completed","already updated (not counted toward batch)",""
"truvolv/gutter-cover-kc","gckc-main","completed","already updated (not counted toward batch)",""
"truvolv/southwest-style","lp-sw-style","completed","already updated (not counted toward batch)",""
"truvolv/southwest-style","southwest-main","completed","already updated (not counted toward batch)",""
"truvolv/luxury-bath-tampa","luxury-tampa-main","completed","already updated (not counted toward batch)",""
"truvolv/nimmo-roofing-and-construction","nimmo-rc","completed","already updated (not counted toward batch)",""
"truvolv/bathing-solutions","bs-main","completed","already updated (not counted toward batch)",""
"truvolv/waterworks-of-delmarva","main-wwd","completed","already updated (not counted toward batch)",""
"truvolv/roof-masters","main-roof-masters","completed","already updated (not counted toward batch)",""
"truvolv/legendary-calrep","lcwd-main","completed","already updated (not counted toward batch)",""
"truvolv/paulson-monuments","paulson-monuments","completed","already updated (not counted toward batch)",""
"truvolv/cabinet-experts","cabinet-experts","completed","already updated (not counted toward batch)",""
"truvolv/the-home-authority","cabinet-authority","completed","already updated (not counted toward batch)",""
"truvolv/the-home-authority","coatings-authority","completed","already updated (not counted toward batch)",""
"truvolv/the-home-authority","design-by-studio-a","completed","already updated (not counted toward batch)",""
"truvolv/the-home-authority","design-by-studio-a-365","completed","already updated (not counted toward batch)",""
"truvolv/the-home-authority","home-authority","completed","already updated (not counted toward batch)",""
"truvolv/the-home-authority","lp-authority-companies","completed","already updated (not counted toward batch)",""
"truvolv/the-home-authority","lp-super-dougie-adventures","completed","already updated (not counted toward batch)",""
"truvolv/the-home-authority","lp-test-ha","completed","already updated (not counted toward batch)",""
"truvolv/cleanedge-cabinetry","main-cleanedge-cabinetry","completed","already updated (not counted toward batch)",""
"truvolv/one-and-done-bath-solutions","fw-in-micro","completed","already updated (not counted toward batch)",""
"truvolv/one-and-done-bath-solutions","jv-fl-micro","completed","already updated (not counted toward batch)",""
"truvolv/one-and-done-bath-solutions","odbs-lp","completed","already updated (not counted toward batch)",""
"truvolv/one-and-done-bath-solutions","odbs-main","completed","already updated (not counted toward batch)",""
"truvolv/main-rsb","rainbow-shower-and-bath","completed","already updated (not counted toward batch)",""
"truvolv/midwest-construction-remodeling","mwcr-main","completed","already updated (not counted toward batch)",""
"truvolv/heins-contracting","hc-main","completed","already updated (not counted toward batch)",""
"truvolv/heins-contracting","hc-micro-roofing","completed","already updated (not counted toward batch)",""
"truvolv/heins-contracting","hc-micro-siding","completed","already updated (not counted toward batch)",""
"truvolv/heins-contracting","hc-micro-windows","completed","already updated (not counted toward batch)",""
"truvolv/american-home-design","ahd-jobs","completed","already updated (not counted toward batch)",""
"truvolv/american-home-design","ahd-lp-window-replacement","completed","already updated (not counted toward batch)",""
"truvolv/american-home-design","ahd-main","completed","already updated (not counted toward batch)",""
"truvolv/american-home-design","ahd-micro-doors","completed","already updated (not counted toward batch)",""
"truvolv/american-home-design","ahd-micro-outdoor","completed","already updated (not counted toward batch)",""
"truvolv/american-home-design","ahd-micro-rainsoft","completed","already updated (not counted toward batch)",""
"truvolv/american-home-design","ahd-micro-tennessee-bathrooms","completed","already updated (not counted toward batch)",""
"truvolv/american-home-design","ahd-micro-windows","completed","already updated (not counted toward batch)",""
"truvolv/american-home-design","rs-knox","completed","already updated (not counted toward batch)",""
"truvolv/american-home-design","tnbaths-main","completed","already updated (not counted toward batch)",""
"truvolv/clemens-home-solutions","main-chs","completed","already updated (not counted toward batch)",""
"truvolv/clean-cut-roofing-and-siding","ccrs-main","completed","already updated (not counted toward batch)",""
"truvolv/clean-cut-roofing-and-siding","roof-micro","completed","already updated (not counted toward batch)",""
"truvolv/clean-cut-roofing-and-siding","slp","completed","already updated (not counted toward batch)",""
"truvolv/clean-cut-roofing-and-siding","win-doors-lp","completed","already updated (not counted toward batch)",""
"truvolv/blind-and-shutter-spot","bss-main","completed","already updated (not counted toward batch)",""
"truvolv/blind-and-shutter-spot","calculator","completed","already updated (not counted toward batch)",""
"truvolv/qa-truspd-764-new-footer","qa-env-site","completed","already updated (not counted toward batch)",""
"truvolv/temp-payload-org","payload-audit","completed","already updated (not counted toward batch)",""
"truvolv/calm-water-and-bath","cwb-main","completed","already updated (not counted toward batch)",""
"truvolv/d5-capital-holdings","d5-main","completed","already updated (not counted toward batch)",""
"truvolv/rosewood-home-remodeling","main-rhr","completed","already updated (not counted toward batch)",""
"truvolv/continental-siding","cs-main","completed","already updated (not counted toward batch)",""
"truvolv/crawford-farms-concrete-stone","cfcs-main","completed","already updated (not counted toward batch)",""
"truvolv/bluebird-windows-doors","main-bbwd","completed","already updated (not counted toward batch)",""
"truvolv/gutter-helmet-by-around-the-house","awnings-shades","completed","already updated (not counted toward batch)",""
"truvolv/gutter-helmet-by-around-the-house","gutter-h-redirect","completed","already updated (not counted toward batch)",""
"truvolv/gutter-helmet-by-around-the-house","lp-gutters","completed","already updated (not counted toward batch)",""
"truvolv/gutter-helmet-by-around-the-house","main-gutter-helmet","completed","already updated (not counted toward batch)",""
"truvolv/yancey-home-improvements","yancey-main","completed","already updated (not counted toward batch)",""
"truvolv/yancey-home-improvements","yancey-main-new","completed","already updated (not counted toward batch)",""
"truvolv/premier-home-services","phs-main","completed","already updated (not counted toward batch)",""
"truvolv/1364-services","1364-main","completed","already updated (not counted toward batch)",""
"truvolv/premier-services-nj","psnj-main","completed","already updated (not counted toward batch)",""
"truvolv/wonder-windows-showers-baths","wwsb-lp-windows-doors","completed","already updated (not counted toward batch)",""
"truvolv/wonder-windows-showers-baths","wwsb-main","completed","already updated (not counted toward batch)",""
"truvolv/wonder-windows-showers-baths","wwsb-micro-baths","completed","already updated (not counted toward batch)",""
"truvolv/ohp","ohp-main","completed","already updated (not counted toward batch)",""
"truvolv/ohp","twist-spout","completed","already updated (not counted toward batch)",""
"truvolv/ml-fixes","main-ml-fixes","completed","already updated (not counted toward batch)",""
"truvolv/cardinal-baths","cb-main","completed","already updated (not counted toward batch)",""
"truvolv/designed-hi","designed-home-improvement","completed","already updated (not counted toward batch)",""
"truvolv/nutech-mold-water","nmw-main","completed","already updated (not counted toward batch)",""
"truvolv/always-green-turf","always-g-t","completed","already updated (not counted toward batch)",""
"truvolv/mcgill-plumbing","mcgp-main","completed","already updated (not counted toward batch)",""
"truvolv/mcgill-plumbing","water-treatment","completed","already updated (not counted toward batch)",""
"truvolv/timeproof-usa","tp-usa-main","completed","already updated (not counted toward batch)",""
"truvolv/top-tier-kitchen","tt-kitchen","completed","already updated (not counted toward batch)",""
"truvolv/refloor","refloor-main","completed","already updated (not counted toward batch)",""
"truvolv/cyprus-air","ca-module-multistep-form","completed","already updated (not counted toward batch)",""
"truvolv/cyprus-air","cyprus-air-main","completed","already updated (not counted toward batch)",""
"truvolv/cyprus-air","cyprus-air-micro","completed","already updated (not counted toward batch)",""
"truvolv/cyprus-air","redirect-only-cyprus-air","completed","already updated (not counted toward batch)",""
"truvolv/cyprus-air","redirect-only-gas-fireplaces","completed","already updated (not counted toward batch)",""
"truvolv/rjw-exteriors","main-rjw","completed","already updated (not counted toward batch)",""
"truvolv/rjw-exteriors","rjw-exteriors","completed","already updated (not counted toward batch)",""
"truvolv/midwest-home-solutions","mhs-main","completed","already updated (not counted toward batch)",""
"truvolv/midwest-home-solutions","redirect-midwest-egh","completed","already updated (not counted toward batch)",""
"truvolv/united-construction-solutions","ucs-main","completed","already updated (not counted toward batch)",""
"truvolv/window-place-plus","lp-siding","completed","already updated (not counted toward batch)",""
"truvolv/window-place-plus","lp-windows-siding","completed","already updated (not counted toward batch)",""
"truvolv/window-place-plus","twpp-main","completed","already updated (not counted toward batch)",""
"truvolv/deck-and-drive","d-a-d","completed","already updated (not counted toward batch)",""
"truvolv/deck-and-drive","dnd-lp-pavers","completed","already updated (not counted toward batch)",""
"truvolv/deck-and-drive","lp-dnd-drive","completed","already updated (not counted toward batch)",""
"truvolv/men-with-tools","mwt-main","completed","already updated (not counted toward batch)",""
"truvolv/california-bathrooms","cb-main","completed","already updated (not counted toward batch)",""
"truvolv/qa-truspd-543-highimpactheroformo","qa-env-site","completed","already updated (not counted toward batch)",""
"truvolv/cal-energy-consultant","cee-lp-metal-roofing","completed","already updated (not counted toward batch)",""
"truvolv/cal-energy-consultant","cee-lp-siding","completed","already updated (not counted toward batch)",""
"truvolv/cal-energy-consultant","cee-lp-windows","completed","already updated (not counted toward batch)",""
"truvolv/cal-energy-consultant","cee-main","completed","already updated (not counted toward batch)",""
"truvolv/cal-energy-consultant","lp-schedule-an-assessment","completed","already updated (not counted toward batch)",""
"truvolv/cal-energy-consultant","rinky-dink","completed","already updated (not counted toward batch)",""
"truvolv/sunbrella","cf-micro","completed","already updated (not counted toward batch)",""
"truvolv/sunbrella","gp-micro","completed","already updated (not counted toward batch)",""
"truvolv/sunbrella","ww-micro","completed","already updated (not counted toward batch)",""
"truvolv/c3-construction","main-c3","completed","already updated (not counted toward batch)",""
"truvolv/signature-home-services","lp-kitchen-shs","completed","already updated (not counted toward batch)",""
"truvolv/signature-home-services","lp-roofing-shs","completed","already updated (not counted toward batch)",""
"truvolv/signature-home-services","lp-siding-shs","completed","already updated (not counted toward batch)",""
"truvolv/signature-home-services","shs-main-site","completed","already updated (not counted toward batch)",""
"truvolv/signature-home-services","shs-roofing-lp","completed","already updated (not counted toward batch)",""
"truvolv/struxure-utah","struxure-utah-main","completed","already updated (not counted toward batch)",""
"truvolv/hurricane-window-specialists","hws-main","completed","already updated (not counted toward batch)",""
"truvolv/stoneluxe-coatings","main-slc","completed","already updated (not counted toward batch)",""
"truvolv/outdoor-altimate","altimate-main","completed","already updated (not counted toward batch)",""
"truvolv/outdoor-altimate","lp-outdoor","completed","already updated (not counted toward batch)",""
"truvolv/outdoor-altimate","micro-screens","completed","already updated (not counted toward batch)",""
"truvolv/outdoor-altimate","micro-struxure","completed","already updated (not counted toward batch)",""
"truvolv/my-shower-today","my-shower-today-main","completed","already updated (not counted toward batch)",""
"truvolv/windows-doors-carolinas","wdc-main","completed","already updated (not counted toward batch)",""
"truvolv/schantz-home-improvement","shi-main","completed","already updated (not counted toward batch)",""
"truvolv/expert-roofing-services","ers-main","completed","already updated (not counted toward batch)",""
"truvolv/t-and-c-reno","main-t-and-c-reno","completed","already updated (not counted toward batch)",""
"truvolv/t-and-c-reno","tacr-main","completed","already updated (not counted toward batch)",""
"truvolv/bullseye-baths","bullseye-main","completed","already updated (not counted toward batch)",""
"truvolv/jim-woods-roofing","jim-woods-roofing","completed","already updated (not counted toward batch)",""
"truvolv/paramount-builders","pb-main","completed","already updated (not counted toward batch)",""
"truvolv/paramount-builders","pb-module-custom-form","completed","already updated (not counted toward batch)",""
"truvolv/three-d-kitchen","three-d-main","completed","already updated (not counted toward batch)",""
"truvolv/erdmann-outdoor-living","outdoor-living-main","completed","already updated (not counted toward batch)",""
"truvolv/lifetime-kitchen-bath","cabinet-refacing-lp","completed","already updated (not counted toward batch)",""
"truvolv/lifetime-kitchen-bath","lkb-main","completed","already updated (not counted toward batch)",""
"truvolv/roof-360","lp-r360-roofer","completed","already updated (not counted toward batch)",""
"truvolv/roof-360","r-360","completed","already updated (not counted toward batch)",""
"truvolv/your-home-improvement-co","yhi-id-ut-baths","completed","already updated (not counted toward batch)",""
"truvolv/your-home-improvement-co","yhi-lp-siding-id-ut","completed","already updated (not counted toward batch)",""
"truvolv/your-home-improvement-co","yhi-lp-siding-mn-ne","completed","already updated (not counted toward batch)",""
"truvolv/your-home-improvement-co","yhi-lp-siding-or","completed","already updated (not counted toward batch)",""
"truvolv/your-home-improvement-co","yhi-lp-windows","completed","already updated (not counted toward batch)",""
"truvolv/your-home-improvement-co","yhi-lp-windows-id-ut","completed","already updated (not counted toward batch)",""
"truvolv/your-home-improvement-co","yhi-lp-windows-mt","completed","already updated (not counted toward batch)",""
"truvolv/your-home-improvement-co","yhi-lp-windows-nd-sd","completed","already updated (not counted toward batch)",""
"truvolv/your-home-improvement-co","yhi-lp-windows-or","completed","already updated (not counted toward batch)",""
"truvolv/your-home-improvement-co","yhi-main","completed","already updated (not counted toward batch)",""
"truvolv/your-home-improvement-co","yhi-mn-ne-baths","completed","already updated (not counted toward batch)",""
"truvolv/your-home-improvement-co","yhi-mt-baths","completed","already updated (not counted toward batch)",""
"truvolv/your-home-improvement-co","yhi-nd-sd-baths","completed","already updated (not counted toward batch)",""
"truvolv/your-home-improvement-co","yhi-portland-baths","completed","already updated (not counted toward batch)",""
"truvolv/abby-home","ah-main","completed","already updated (not counted toward batch)",""
"truvolv/pemberton-appliance","pac-main","completed","already updated (not counted toward batch)",""
"truvolv/my-viva-home","lp-mvh","completed","already updated (not counted toward batch)",""
"truvolv/schulte-construction","main-schulte","completed","already updated (not counted toward batch)",""
"truvolv/de-custom-floors","decf-main","completed","already updated (not counted toward batch)",""
"truvolv/one-day-bath-solutions","odbs-main","completed","already updated (not counted toward batch)",""
"truvolv/quality-home-services","lp-solar","completed","already updated (not counted toward batch)",""
"truvolv/quality-home-services","qhs-main","completed","already updated (not counted toward batch)",""
"truvolv/weatherwiz-gutters","wwg-main","completed","already updated (not counted toward batch)",""
"truvolv/qa-truspd-961-lead-perfection-gs-","qa-env-site","completed","already updated (not counted toward batch)",""
"truvolv/outback-deck","ob-lp-pergolas","completed","already updated (not counted toward batch)",""
"truvolv/outback-deck","od-main","completed","already updated (not counted toward batch)",""
"truvolv/southern-showers","lp-welcome","completed","already updated (not counted toward batch)",""
"truvolv/southern-showers","ss-main","completed","already updated (not counted toward batch)",""
"truvolv/qa-truspd-972-extension-paths-to-","qa-env-site","completed","already updated (not counted toward batch)",""
"truvolv/a-a-services","aa-main","completed","already updated (not counted toward batch)",""
"truvolv/luxury-bath-njpa","lux-bath-njpa","completed","already updated (not counted toward batch)",""
"truvolv/home-pros-central-pa","main-home-pro-pa","completed","already updated (not counted toward batch)",""
"truvolv/customfit-baths","customfit-main","completed","already updated (not counted toward batch)",""
"truvolv/bytown-bath","bb-main-site","completed","already updated (not counted toward batch)",""
"truvolv/todco-roofing","todco-main","completed","already updated (not counted toward batch)",""
"truvolv/firm-foundation-construction","ffc-main","completed","already updated (not counted toward batch)",""
"truvolv/qa-truspd-001-qa-env-test","qa-env-site","success","next.config.mjs updated to use createNextConfig",""
"truvolv/ez-pro-express","ez-lp-senior-bath","completed","already updated (not counted toward batch)",""
"truvolv/ez-pro-express","ez-micro-bathrooms","completed","already updated (not counted toward batch)",""
"truvolv/ez-pro-express","main-ezpro-express","completed","already updated (not counted toward batch)",""
"truvolv/qa-truspd-001-404-page-logging","qa-env-site","completed","already updated (not counted toward batch)",""
"truvolv/owens-corning-bfs","basement-lp","completed","already updated (not counted toward batch)",""
"truvolv/owens-corning-bfs","oc-main","completed","already updated (not counted toward batch)",""
"truvolv/truvolv-corporate","truvolv-main","completed","already updated (not counted toward batch)",""
"truvolv/demo","baths-lp","completed","already updated (not counted toward batch)",""
"truvolv/demo","bryan-espey","completed","already updated (not counted toward batch)",""
"truvolv/demo","carrie-testing","completed","already updated (not counted toward batch)",""
"truvolv/demo","carrie-testing-2","completed","already updated (not counted toward batch)",""
"truvolv/demo","chace-test","completed","already updated (not counted toward batch)",""
"truvolv/demo","dani-testing-ste","completed","already updated (not counted toward batch)",""
"truvolv/demo","demo-testing","completed","already updated (not counted toward batch)",""
"truvolv/demo","eden","completed","already updated (not counted toward batch)",""
"truvolv/demo","eden-test-site","completed","already updated (not counted toward batch)",""
"truvolv/demo","eden-testing","completed","already updated (not counted toward batch)",""
"truvolv/demo","elliot-testing","completed","already updated (not counted toward batch)",""
"truvolv/demo","elliot-testing-site","completed","already updated (not counted toward batch)",""
"truvolv/demo","fewa-test-demo-site","completed","already updated (not counted toward batch)",""
"truvolv/demo","garage-door-demo","completed","already updated (not counted toward batch)",""
"truvolv/demo","hadi-test","completed","already updated (not counted toward batch)",""
"truvolv/demo","jacuzzi-demo","completed","already updated (not counted toward batch)",""
"truvolv/demo","main-caleb-con","completed","already updated (not counted toward batch)",""
"truvolv/demo","power-washing-demo","completed","already updated (not counted toward batch)",""
"truvolv/demo","site-builder-toolkit","completed","already updated (not counted toward batch)",""
"truvolv/demo","sweepstakes-demo","completed","already updated (not counted toward batch)",""
"truvolv/demo","test-lp","completed","already updated (not counted toward batch)",""
"truvolv/demo","test-lp-2","completed","already updated (not counted toward batch)",""
"truvolv/demo","v1","completed","already updated (not counted toward batch)",""
"truvolv/demo","v2","completed","already updated (not counted toward batch)",""
"truvolv/demo","v3","completed","already updated (not counted toward batch)",""
"truvolv/demo","v4","completed","already updated (not counted toward batch)",""
"truvolv/demo","v5","completed","already updated (not counted toward batch)",""
"truvolv/demo","zoobia-test-site","completed","already updated (not counted toward batch)",""
"truvolv/qa-truspd-954-i360-lightning-api-","qa-env-site","success","next.config.mjs updated to use createNextConfig",""
"truvolv/qa-truspd-001-sorting-block-optio","qa-env-site","success","next.config.mjs updated to use createNextConfig",""
"truvolv/qa-truspd-274-no-load-hero-video-","qa-env-site","success","next.config.mjs updated to use createNextConfig",""
"truvolv/qa-truspd-000-qa-env-tweaks","qa-env-site","success","next.config.mjs updated to use createNextConfig",""
"truvolv/qa-truspd-301-find-feature-in-tru-c27f3afe27d2d8","qa-env-site","success","next.config.mjs updated to use createNextConfig",""
"truvolv/eden-test-org-3-5b90684cd1aaca","eden","success","next.config.mjs updated to use createNextConfig",""
"truvolv/qa-truspd-12345-qa-env-test","qa-env-site","success","next.config.mjs updated to use createNextConfig",""
"truvolv/truvolv","main","skipped","No next.config.mjs found",""
"truvolv/clear-choice-hi","cchi-main","partial, needs manual update","next.config.mjs not updated",""
"truvolv/innovative-gutter-solutions","igs-main","partial, needs manual update","next.config.mjs not updated",""
"truvolv/secure-cc","secure-construction-company","partial, needs manual update","next.config.mjs not updated",""
"truvolv/pahlisch-select-2b3bf0d45e7a2f","your-select-home","success","next.config.mjs updated to use createNextConfig",""
"truvolv/pahlisch-select-2b3bf0d45e7a2f","​pahlisch-select","success","next.config.mjs updated to use createNextConfig",""
